table,noise,L,dynamic_range,h10,h90,transfer_entropy,transfer_entropy_std,avalanche_n,size_q90,size_q95,size_q99,size_max,duration_q95,duration_max,eta_D_growth,v_eff_front,D_final,front_final
0,0.0,100,19.2293403775724,0.00019144469076301244,0.01603161831611542,0.022940863328940124,0.00038896493598428,498,12.063063063063066,14.485285285285283,21.239489489489483,27.699699699699693,5.0,9.0,,,0.0,0.0
1,0.0,100,10.588322547812917,0.010804382272816476,0.1237178022394697,0.01728188693414186,0.00017507817842271275,466,17.07807807807807,23.183933933933925,33.62147147147147,43.21921921921921,6.0,12.0,0.09048763465174564,0.9976923076923078,0.0,0.0
2,0.0,100,14.099875589707132,0.0047963677390504824,0.12328210243578477,0.02856819311884793,3.026545231061585e-05,476,13.251251251251247,15.064064064064059,23.190440440440444,33.066066066066085,5.0,11.0,-0.07404486870640728,0.3488801054018445,0.0,0.0
3,0.0,100,10.861361280197098,0.009995540261755297,0.12188279387709941,0.024297882184779455,0.0001174354922137532,457,12.727327327327336,15.986786786786785,26.977057057057053,38.8028028028028,6.0,13.0,0.194920967769103,0.4139676113360325,0.0,0.0
4,0.0,100,,,,0.01965724764027965,0.00023650733920867369,502,12.649349349349361,16.447497497497498,25.312482482482494,33.16616616616618,5.0,10.0,-0.09513359419973891,0.12639664804469275,0.0,0.0
5,0.0,100,3.484770709838487,0.00745689551036066,0.016635472034830498,0.0410144262041643,0.0006794306830693701,528,12.01201201201202,15.144894894894902,23.449949949949993,35.65365365365366,5.0,10.0,,,0.0,0.0
6,0.0,100,11.514730702467755,0.008960702312410916,0.12700333342193337,0.010343329248570479,0.000739637976908989,421,14.015015015015013,18.01501501501501,31.875675675675684,64.48348348348347,6.0,18.0,,,0.0,0.0
7,0.0,100,13.175123878288101,0.014908175718963705,0.3096969233032674,0.02444702059248167,0.0004161450846712732,447,14.544144144144147,18.603603603603602,30.676636636636715,43.78478478478475,6.0,13.0,0.2012311520793887,0.22482517482517483,0.0,0.0
8,0.0,100,25.67934790738683,0.00032527546405584446,0.12027797172087146,0.04417554698437286,0.00044940213630446577,493,11.539739739739742,15.669669669669657,25.308308308308302,31.63063063063063,5.0,9.0,0.10399123375882215,0.0,0.0,0.0
9,0.0,100,7.008583579373578,0.00042753186223783,0.0021469742931739706,0.016620667701856363,0.0012061056685530374,478,12.252252252252251,16.541891891891886,26.503273273273294,41.75975975975976,5.0,13.0,0.049797900352232846,0.5274162659561641,0.0,0.0
0,0.05,100,10.76127540185238,0.00047717866217025383,0.005686022258212117,0.017945163795106266,0.00018608434579437706,490,13.073373373373384,17.052752752752756,24.090030030030032,34.54254254254255,5.0,11.0,,,0.0,0.0
1,0.05,100,11.612597534466179,0.008431420454196164,0.12222512792555654,0.014504208927870457,0.00021105462871268306,464,16.539539539539533,22.106756756756752,41.21196196196197,70.83783783783787,6.0,18.0,,,0.0,0.0
2,0.05,100,12.588114835144983,0.006897576003400666,0.12517222673363082,0.02167409330160177,0.0008653460902044875,466,14.763763763763762,17.11861861861862,21.78193193193194,35.05505505505505,5.0,8.0,,,0.0,0.0
3,0.05,100,14.464999445576298,0.004433680692875371,0.12395508777353971,0.015731713660694074,0.0002750525111920492,497,13.500500500500504,17.151951951951943,25.587987987987994,32.17117117117118,5.0,10.0,,,0.0,0.0
4,0.05,100,12.93611274237622,0.0015987056622099906,0.03143256247041894,0.013284962426612753,0.0005433402816603997,487,13.230830830830833,16.587087087087088,23.944464464464442,38.04204204204204,5.0,9.0,,,0.0,0.0
5,0.05,100,,,,0.026533080889811742,0.00028380448356797247,505,12.205205205205203,14.881281281281275,21.96108108108103,33.44544544544543,4.0,10.0,,,0.0,0.0
6,0.05,100,11.356940066996454,0.008991234966769786,0.12288909724678347,0.01011065118274771,0.0006088992316976381,422,16.60900900900904,22.66436436436436,39.83357357357359,46.21421421421422,6.0,14.0,-0.8136995839911002,0.07272727272727274,0.0,0.0
7,0.05,100,11.882247365960264,0.018347045215034073,0.2830028882562955,0.016418723795895047,0.0009601094686831225,481,14.51651651651651,18.51651651651651,33.11831831831831,42.81981981981981,5.0,11.0,-0.4980164585382004,0.28571428571428564,0.0,0.0
8,0.05,100,21.775162793905412,0.0007831466359985064,0.11785808117523414,0.028101109415706142,0.0007061483750289196,518,13.12012012012012,16.385435435435433,22.041801801801785,31.24024024024024,5.0,10.0,,,0.0,0.0
9,0.05,100,7.752485501748976,0.0074644685933014645,0.044488467444107706,0.011231185954306512,0.000289149258949321,482,13.01071071071072,16.62752752752753,23.942632632632634,31.35735735735736,4.0,11.0,,,0.0,0.0
0,0.1,100,23.991534970088235,0.0001405267259680673,0.03522998230676745,0.01277757052754336,0.0003154224966042899,486,13.634634634634637,16.39789789789789,25.467117117117088,35.610610610610614,5.0,10.0,-0.13634610733286773,0.05830039525691699,0.0,0.0
1,0.1,100,11.265254029822271,0.00910044685826556,0.1217834073578881,0.012163553625731599,0.00038984914898246986,445,16.855855855855857,21.67567567567567,34.003523523523526,60.52252252252252,5.0,13.0,,,0.0,0.0
2,0.1,100,8.85540014474267,0.01602374818471025,0.1231130599709835,0.015886032647461298,2.7384305060707687e-05,501,13.535535535535537,17.535535535535537,29.071071071071074,43.225225225225216,5.0,9.0,-0.08666362896114549,0.2992502289377289,0.0,0.0
3,0.1,100,10.645891307060458,0.01073280193439029,0.1245381028370079,0.011445019439232887,0.000296915080775023,487,15.16516516516517,17.30540540540541,26.22752752752751,38.605605605605625,5.0,11.0,-0.2961872504797325,0.249859943977591,0.0,0.0
4,0.1,100,14.61180180099269,0.001528281373073045,0.04419605445379668,0.00885484733217292,0.0002132988647346708,492,13.945945945945947,17.648398398398378,31.28580580580578,46.18918918918919,5.0,10.0,-0.4020297359551613,-0.08333333333333333,0.0,0.0
5,0.1,100,15.18806058233083,0.00013222678660360277,0.004366419943959413,0.018520836752461377,0.0007180609195752783,493,13.965165165165159,16.987587587587573,27.043043043042974,37.358358358358345,4.0,10.0,0.2329242659919661,-0.027027027027027018,0.0,0.0
6,0.1,100,12.043723659752025,0.007710206807284347,0.12343502037315429,0.00801249399255147,0.00016393117324548737,469,16.23243243243243,22.08648648648648,33.18954954954953,40.159159159159145,5.0,9.0,-0.36020836934020506,0.9583333333333333,0.0,0.0
7,0.1,100,12.54797350944454,0.007801954778198086,0.14028162229540983,0.01164229879800016,0.0006140813876475987,489,13.98478478478479,17.510310310310278,23.870750750750748,34.97197197197198,4.0,10.0,0.20621677923879705,0.7094861660079052,0.0,0.0
8,0.1,100,11.661989891051853,0.008397441133566037,0.12312491883241915,0.018845555373173777,0.0007592588659260744,483,15.702702702702709,19.321621621621617,25.14864864864866,31.53453453453454,5.0,10.0,,,0.0,0.0
9,0.1,100,10.954963208343507,0.007650599235716492,0.09532169878809951,0.007941409147414313,0.00033143749789381295,495,14.795795795795797,20.206006006005975,29.783303303303306,36.18318318318319,5.0,10.0,,,0.0,0.0
0,0.15,100,24.904581383224308,0.00014427156309985287,0.04463123202136751,0.009784919823039338,0.00029334813464873197,493,13.946946946946952,19.564164164164165,29.389629629629635,40.175175175175184,4.0,10.0,,,0.0,0.0
1,0.15,100,16.56518591365628,0.002694709465078226,0.12218855789785645,0.010243260781913982,0.00038820934826725323,478,16.31111111111112,18.8126126126126,30.40582582582585,48.500500500500536,5.0,14.0,,,0.0,0.0
2,0.15,100,9.554044333616021,0.013635678642325254,0.12304987896091879,0.011053652059674585,0.00010648869778213856,472,16.34024024024024,19.95595595595595,29.747987987987994,58.154154154154156,5.449999999999989,11.0,,,0.0,0.0
3,0.15,100,11.067466676586829,0.009361213577939106,0.11969577513802639,0.008318806002859282,0.0003283564198433564,497,15.303303303303304,18.158758758758754,30.4216216216217,50.85485485485485,5.0,14.0,-0.01402561704773049,0.5362731152204836,0.0,0.0
4,0.15,100,4.662417231489286,0.015882541929311947,0.046468829550780376,0.0065337162612238734,0.00010931092036272922,504,14.022522522522527,17.735735735735737,31.44927927927926,42.20720720720721,5.0,11.0,-0.1305235551471563,0.5260391158128449,0.0,0.0
5,0.15,100,11.55718884522415,0.0001284508894007389,0.0018384676832861003,0.012701251158508472,0.00016936312149684433,502,16.261261261261268,19.127127127127114,27.382652652652638,37.38638638638637,5.0,10.0,0.14365047226277133,0.8315789473684211,0.0,0.0
6,0.15,100,10.636578708729392,0.01062890357396417,0.12306833867298739,0.00681726312107282,0.00013772219320754616,463,17.13313313313313,21.13313313313313,32.13707707707708,53.39339339339341,5.0,12.0,0.008348136861293673,1.2912087912087913,0.0,0.0
7,0.15,100,12.192682926464137,0.007404800886843464,0.12268223452675953,0.008142364189386523,2.392688411317033e-06,496,14.911411411411411,19.5940940940941,31.39939939939941,35.478478478478486,5.0,9.0,-1.027170034039027,-0.5,0.0,0.0
8,0.15,100,8.79385591510318,0.016370353788606344,0.12400627351213718,0.012305416252684177,0.00018629626647263461,506,14.547547547547548,18.204704704704703,25.807057057057047,38.693693693693696,5.0,13.0,0.2177825558044315,0.05039525691699605,0.0,0.0
9,0.15,100,28.048310896784876,0.00017038502638703744,0.10870825277044714,0.006253244662776934,1.716299079046425e-05,513,14.623423423423429,18.305305305305303,26.313593593593595,35.657657657657666,5.0,9.0,,,0.0,0.0
0,0.2,100,24.330272578197327,0.00015778876058071252,0.04276646193966461,0.006885665378071421,0.0002007058520666436,492,14.704704704704703,19.02277277277277,28.768348348348315,36.67867867867869,4.0,9.0,,,0.0,0.0
1,0.2,100,11.347821592109966,0.009060645427613286,0.12357803765544448,0.00803021391307289,0.0005011754045436095,488,16.779579579579586,21.694344344344344,27.78232232232232,49.59859859859861,5.0,12.0,-0.20443753040037696,0.5458646616541354,0.0,0.0
2,0.2,100,27.233869547610734,0.00023341439756082526,0.12345668053817616,0.007610996592047916,5.061030074588564e-05,506,15.644144144144146,19.192192192192195,25.337137137137123,36.58958958958959,4.0,10.0,0.2600914632941076,0.5383458646616541,0.0,0.0
3,0.2,100,10.399889107936957,0.010337948697207963,0.11335045908378834,0.0057937827850593395,0.0001179534298045219,476,15.981481481481483,19.923923923923915,28.800050050050057,39.91591591591592,5.0,12.0,,,0.0,0.0
4,0.2,100,14.741440480465517,0.0001977648234809423,0.005892411847083879,0.004750167380086575,0.0003039259174025164,506,16.12012012012012,19.16016016016016,31.276276276276274,34.36036036036036,5.0,9.0,-0.21597678919252233,0.8981092436974789,0.0,0.0
5,0.2,100,11.57981350086233,0.0010299923400883466,0.014818878764361557,0.007984830901616361,0.00015314461240529577,502,16.371371371371367,21.575625625625605,30.58025025025025,44.75075075075074,5.0,10.0,0.021789990224648153,0.24891774891774893,0.0,0.0
6,0.2,100,10.855738339355662,0.010052180516064255,0.12241485230870203,0.005176476721952513,8.555769489451736e-05,512,15.30530530530531,20.120120120120124,27.233963963963966,37.65365365365366,4.0,8.0,,,0.0,0.0
7,0.2,100,12.339954170371929,0.007266954231948875,0.12455117873837443,0.0061617544174453615,0.00013322511867463983,474,16.085185185185182,21.20370370370367,31.004324324324273,53.513513513513516,5.0,12.0,-0.23281341054764312,0.03496503496503496,0.0,0.0
8,0.2,100,22.962863955039076,0.0006018073421898391,0.11905396873132704,0.008402941107506124,0.0006414212519292254,500,14.988888888888894,18.51181181181182,28.86513513513512,48.60360360360359,4.0499999999999545,11.0,0.30692034600003704,,0.0,0.0
9,0.2,100,24.88313605901854,0.0001452505637492827,0.044712755265973486,0.004220714781213441,0.0002533618961034238,504,15.603603603603595,17.98018018018017,25.984144144144114,29.66666666666665,4.0,9.0,,,0.0,0.0
0,0.0,200,11.271260475541975,0.003233949856458654,0.043337048422670305,0.023668066179159487,0.00023883427207823348,490,17.28368368368371,21.479179179179198,29.91501501501505,37.26126126126128,5.0,10.0,,,0.0,0.0
1,0.0,200,11.524988141010015,0.008677109092728152,0.12327467656336832,0.01791017296084248,0.0008031700718177139,454,21.709109109109104,27.944344344344362,44.966476476476345,80.92792792792795,6.0,10.0,-0.5213302840649862,0.2918192918192918,0.0,0.0
2,0.0,200,10.871276786791771,0.010098077734748953,0.12341455688534231,0.028555608740437315,0.0004641624218349738,491,17.35135135135136,23.07657657657659,35.635135135135265,58.975975975975985,5.0,10.0,,,0.0,0.0
3,0.0,200,11.897662527045274,0.007978709627640893,0.12350908735892764,0.025180358342782778,0.000586553514539994,476,18.586086086086084,23.193193193193196,36.17042042042042,41.38738738738738,5.0,10.0,0.30208506001099467,0.09984399375975038,0.0,0.0
4,0.0,200,6.846538399711889,0.00015432362040268828,0.000746597004631994,0.018928417598763493,0.0002894544339297426,499,15.632232232232223,22.290190190190145,30.8813613613613,52.44444444444443,5.0,8.0,-0.4238305099128163,0.16666666666666666,0.0,0.0
5,0.0,200,11.246380130397856,0.0033852060737930433,0.04510483770182601,0.042557860253097844,0.00046980800800491135,501,16.768768768768773,22.267267267267272,35.7937937937938,54.801801801801815,5.0,12.0,-0.04890103861176881,0.7845303867403314,0.0,0.0
6,0.0,200,11.306610662485184,0.009255041538634927,0.12503725721665276,0.010938456943927422,0.0003334681864610384,386,23.595095095095097,31.420920920920928,53.92037037037034,61.74074074074075,7.0,25.0,-0.6980435915171208,0.5333333333333333,0.0,0.0
7,0.0,200,13.98652770634362,0.012368654888361336,0.3097242732627993,0.023504761679875495,0.0005752530008136594,442,20.41741741741742,26.35735735735736,45.56483483483476,77.96096096096096,6.0,16.0,-0.2804715019748557,0.08587454212454212,0.0,0.0
8,0.0,200,10.84995042015165,0.01013347909711596,0.123240547213006,0.04510912201958742,0.00035349555267534527,507,17.00620620620623,22.576976976976972,29.423963963963963,42.593593593593596,5.0,10.0,-0.08984014030144134,0.3120492666720687,0.0,0.0
9,0.0,200,19.96871967788411,0.00043692804401173024,0.04337923494805039,0.016685556688950796,0.00045650775900266637,468,18.363363363363348,23.579579579579587,32.633803803803794,61.27227227227225,5.0,10.0,0.21032604005700445,0.7036414565826331,0.0,0.0
0,0.05,200,13.978030162104211,0.0005530464738990034,0.013821801255007864,0.017678067225873353,0.0008060072647902358,480,19.187187187187206,24.41256256256256,33.446466466466426,43.842842842842856,5.0,9.0,-0.04311418301076325,0.5661656891495601,0.0,0.0
1,0.05,200,10.84890443776633,0.010115000031566531,0.12298618562981616,0.01611629607281801,8.149200038030935e-05,450,24.256456456456455,36.413063063063056,49.569449449449415,70.6306306306306,6.0,12.0,,,0.0,0.0
2,0.05,200,12.094668863605873,0.007786812155821327,0.12613237825615978,0.020468526152595777,0.0001621399284243239,496,17.850350350350347,21.778028028028025,35.5566566566567,49.941941941941934,4.0,11.0,-0.3915727338740208,0.6547619047619048,0.0,0.0
3,0.05,200,9.868423769377678,0.012649884487834712,0.12272384026195793,0.015748616485499585,5.669127801077173e-05,489,20.12212212212212,23.25645645645645,36.08192192192194,51.387387387387406,5.0,10.0,-0.16507207768539736,0.5601355166572558,0.0,0.0
4,0.05,200,20.84116463636773,0.00034074518296544845,0.04135672962712507,0.013059192747862866,6.893788050406531e-05,489,19.684684684684697,24.129729729729746,36.04756756756759,56.7757757757758,5.0,8.0,-0.10160174054048914,0.7921409214092141,0.0,0.0
5,0.05,200,,,,0.026118250849404372,2.6660417684995497e-05,497,17.963963963963963,23.895495495495492,32.88384384384385,72.78378378378378,4.0,12.0,,-0.1,0.0,0.0
6,0.05,200,12.248347746781803,0.0073316009277260424,0.12303639343682,0.011176819717860935,0.00040510445748695705,423,23.48028028028028,30.242442442442403,49.794894894894874,59.41441441441443,5.0,10.0,,,0.0,0.0
7,0.05,200,13.874278642065011,0.011772684815418306,0.28727866981940225,0.01614955701532653,0.0007545938080273547,470,20.44644644644646,25.729879879879874,34.50325325325326,54.66966966966969,5.0,12.0,-0.22882420013259563,0.7297619047619047,0.0,0.0
8,0.05,200,11.60849770149407,0.008372572978359888,0.12125752843016391,0.02908871105695287,0.0006616788810717665,500,18.28228228228229,23.381081081081085,32.58268268268268,42.55255255255253,5.0,9.0,0.1975475058751914,0.3455882352941177,0.0,0.0
9,0.05,200,11.719799037750878,0.002917196522940455,0.043345657098318995,0.012099929913669823,0.00017311178187349313,491,17.78578578578579,24.757257257257262,35.86876876876877,48.928928928928954,4.0,10.0,-0.05693885586747366,0.8059855521155831,0.0,0.0
0,0.1,200,13.6359841790875,0.0015974106892615019,0.036899034634887896,0.01345856653608431,9.87922979401425e-05,491,20.536536536536545,25.855855855855868,38.37667667667678,47.96596596596598,5.0,9.0,-0.4735528665869675,,0.0,0.0
1,0.1,200,11.739291729893557,0.008227444354627423,0.12279880107463242,0.01221481916422,0.00032180725687548217,465,24.627827827827847,32.256256256256215,50.1210810810811,58.233233233233264,6.0,16.0,,,0.0,0.0
2,0.1,200,23.057693512170605,0.0006122659759886427,0.123796816666483,0.015377489753094442,0.0012225483404116602,496,20.866366366366357,26.89914914914914,38.70900900900903,52.43643643643642,5.0,9.0,-0.7499098724517348,-0.21428571428571427,0.0,0.0
3,0.1,200,12.931332804242832,0.006236592704443393,0.12248436718825195,0.011713405229460431,0.00010417311933101636,501,20.546546546546544,25.568568568568566,40.71071071071071,62.27527527527527,5.0,10.0,,,0.0,0.0
4,0.1,200,20.197766945545503,0.00036092303538321055,0.037773853853459397,0.008697652888175634,0.0003656346199300553,490,19.66056056056057,24.516866866866856,38.961521521521554,60.81681681681681,4.0,8.0,0.072544269372453,0.23767848917549517,0.0,0.0
5,0.1,200,6.943706035827005,0.008986658264433312,0.044459935741816975,0.0187900843796904,0.0002722524324348351,488,20.159259259259272,25.98358358358359,34.95804804804803,63.50050050050053,5.0,11.0,,,0.0,0.0
6,0.1,200,12.188754665921067,0.007442787911562031,0.12320011413782529,0.008696758619844383,4.924240561593983e-06,446,21.84084084084084,28.708708708708713,49.92102102102108,71.33933933933936,6.0,11.0,,,0.0,0.0
7,0.1,200,10.890578852698034,0.01074923734051463,0.13195794311038486,0.011271034949356221,6.060237821491066e-05,499,21.172172172172168,28.132132132132128,37.302702702702696,54.424424424424444,5.0,11.0,-0.2352259979077711,0.40665584415584416,0.0,0.0
8,0.1,200,13.375465236457716,0.005711937680695556,0.12425960940578137,0.0188893656780824,0.000974937368069995,485,20.86486486486487,26.067467467467434,39.030190190190176,67.54554554554554,5.0,11.0,0.14132442233013867,0.708498023715415,0.0,0.0
9,0.1,200,13.134360195126716,0.0046485203162759765,0.09566448830841838,0.008588404390423222,0.0002332958367040781,506,20.86186186186187,26.66791791791793,33.787587587587595,44.307307307307326,4.0,8.0,,,0.0,0.0
0,0.15,200,6.293001992405989,0.010743635780519236,0.04575636083185382,0.009797731113611412,0.00015870034013812113,490,21.392392392392395,25.661311311311295,39.84058058058057,58.82782782782783,5.0,8.0,,,0.0,0.0
1,0.15,200,13.739573632768591,0.0051244413570145616,0.12122826532094672,0.009980679504596015,5.4185880706275266e-05,464,23.523523523523522,29.047047047047045,49.134274274274276,66.85585585585585,5.0,10.0,,-0.7000000000000002,0.0,0.0
2,0.15,200,10.86068276373323,0.01032960498161069,0.12593660754565925,0.010830344279034005,0.0003937911487745475,500,21.219219219219212,27.04139139139137,36.41238238238236,59.438438438438425,5.0,9.0,-0.14662865459910188,0.2736960644855381,0.0,0.0
3,0.15,200,12.314598740419456,0.007082212239458081,0.12067819661957456,0.007818713449812748,0.0003186433797361535,495,21.489689689689687,25.777077077077077,38.43083083083085,71.74774774774772,5.0,9.0,,0.4,0.0,0.0
4,0.15,200,20.244552982816746,0.00037564666393914475,0.03974063795758686,0.006580924988257963,0.0004718710241704144,468,21.93473473473473,30.766616616616602,42.525375375375305,70.53153153153153,5.0,12.0,-0.02069881775356882,0.9523076923076924,0.0,0.0
5,0.15,200,3.4847707098390717,0.00033308728728619795,0.0007430792405645289,0.012115504674528408,0.00030996763181692904,503,19.3983983983984,25.995995995995997,46.25945945945955,61.792792792792795,5.0,10.0,0.010268885219305435,1.0238095238095237,0.0,0.0
6,0.15,200,11.190186009760726,0.009337315264301186,0.12281194897985148,0.006357438548945653,0.00026679702487848343,486,22.843843843843842,30.406406406406404,43.22677677677673,90.5005005005005,5.75,16.0,,,0.0,0.0
7,0.15,200,12.215826824990359,0.0074007105678069365,0.12326963281562899,0.008359349173117286,0.00030953667895530865,489,22.08108108108108,27.162162162162154,43.61081081081082,70.4054054054054,5.0,10.0,0.11006379822354266,0.7769607843137255,0.0,0.0
8,0.15,200,14.20537291160531,0.004434514200718477,0.11678399861204679,0.012896719308899407,0.0004771058782458296,507,20.807807807807805,24.83723723723724,37.91763763763763,47.61561561561561,5.0,9.0,,,0.0,0.0
9,0.15,200,7.0835193251929205,0.00820172381758995,0.04190415364050702,0.005473336819795738,0.0001353110194974973,485,22.219619619619635,27.96676676676677,38.78330330330327,62.1811811811812,5.0,13.0,-0.034807942057746746,0.06804514270251341,0.0,0.0
0,0.2,200,14.236359182776884,0.0017392019259891017,0.04613026250309661,0.007124974958337906,3.878225935114495e-05,529,19.240240240240254,25.896496496496503,39.58930930930937,71.46746746746751,4.0,11.0,0.13688273642751048,0.34486166007905134,0.0,0.0
1,0.2,200,10.297261449913993,0.011470595547096986,0.12283216646012676,0.007411338499615249,0.0005684406711677732,480,23.67867867867868,31.56051051051051,42.704854854854766,71.67567567567568,5.0,9.0,,,0.0,0.0
2,0.2,200,11.481199790079831,0.00866716292614953,0.12189810088212963,0.008232777316610932,0.00014918918840195038,501,21.144144144144164,26.669669669669716,41.669669669669716,58.64164164164163,5.0,9.0,,,0.0,0.0
3,0.2,200,14.395045806404582,0.004370326769249975,0.12023156246832341,0.005542107789329403,0.00017260969492052716,517,21.489489489489472,27.93953953953953,38.81981981981981,55.48248248248245,4.0,7.0,-0.3524758484253027,-0.06993006993006992,0.0,0.0
4,0.2,200,16.00675067151527,0.0011393571278676218,0.045429184493297275,0.005178490804893366,5.108557891065138e-06,503,21.70750750750753,27.061261261261276,37.87093093093101,52.11711711711715,5.0,9.0,-0.6988236020618095,-0.6,0.0,0.0
5,0.2,200,3.484770709838817,0.021016387026621928,0.046885130436494546,0.008580047982762178,0.0002175968694918375,514,21.994594594594588,27.62622622622618,40.60735735735735,79.975975975976,5.0,13.0,-0.5721425934161298,-0.09523809523809523,0.0,0.0
6,0.2,200,12.092044856943092,0.007592626449681193,0.12291263217838076,0.004510198685890015,4.454236833392744e-05,490,23.120820820820846,28.85530530530529,47.89520520520527,72.68468468468468,5.0,11.0,,,0.0,0.0
7,0.2,200,10.907060270266001,0.010055722893734664,0.12391369971526596,0.006345893879417766,0.00013979876883880166,509,21.735735735735712,29.490890890890856,43.31747747747745,71.48448448448447,5.0,11.0,,,0.0,0.0
8,0.2,200,26.99869161931303,0.00021368916291489916,0.10706602022944407,0.008562081646282992,0.00028421420319650007,488,21.813513513513495,27.717717717717683,43.906396396396325,71.1801801801801,5.0,13.0,-0.5026291570757608,0.14285714285714285,0.0,0.0
9,0.2,200,11.325684782857198,0.0027181498288503378,0.03688432757185095,0.0042180367155046136,9.485806869350376e-05,508,21.96566566566567,28.924674674674666,41.9683783783784,66.65465465465464,5.0,13.0,-0.19843574035813277,0.5181818181818182,0.0,0.0
0,0.0,400,7.784494433855546,0.007536570653802851,0.045250482908326776,0.02348531131242065,0.00026077474304615766,504,23.250750750750758,30.344594594594582,43.349429429429414,70.21521521521521,5.0,10.0,,,0.0,0.0
1,0.0,400,11.609971253457594,0.00852259334605834,0.12347211630833682,0.017865989554582427,0.0012044675185370404,432,33.23753753753758,48.9384884884885,84.3891291291291,118.22822822822829,7.0,11.0,,,0.0,0.0
2,0.0,400,9.854908048766143,0.01293896749910624,0.12513835072784935,0.02872399353944138,0.00025444768743778864,492,24.969969969969966,30.178178178178175,48.167687687687604,62.461461461461425,5.0,8.0,,,0.0,0.0
3,0.0,400,10.23749642993639,0.01179571459565379,0.12458733582756894,0.02384777329889929,0.00028277074030212505,476,24.747747747747752,30.28678678678677,41.74924924924923,56.270270270270316,5.0,12.0,0.24939803640739838,0.7273826802128688,0.0,0.0
4,0.0,400,3.484770709838484,0.00033308728728622907,0.0007430792405644978,0.01917729635196756,0.00011553184340468495,484,24.80390390390392,32.82992992992994,46.487647647647684,62.98098098098103,5.0,8.0,-0.06483837810936456,0.6959183673469388,0.0,0.0
5,0.0,400,19.207252371835473,0.00012138243061342553,0.010113024675828076,0.04014465934387186,9.9160167062292e-05,513,23.17617617617617,30.036036036036005,47.62894894894892,76.39639639639638,5.0,9.0,0.04527776377633699,0.32326256134170167,0.0,0.0
6,0.0,400,11.27603167054508,0.009206360064529174,0.12350687219750535,0.010636351190678,7.240460991157945e-05,424,26.785285285285294,39.356006006006,69.85997997997994,86.56456456456456,7.0,14.0,0.29758271483813276,1.4880952380952381,0.0,0.0
7,0.0,400,13.962450517040502,0.012387054821058629,0.308470126346679,0.02233890969290465,0.0006727825363206826,455,29.53853853853857,40.973273273273236,59.15675675675678,79.18118118118119,6.0,12.0,-0.10675190425085936,0.22153846153846152,0.0,0.0
8,0.0,400,11.448261145239698,0.008794531662623329,0.12275489844358908,0.0442098187618667,0.00015318735810170708,492,23.714714714714717,31.06016016016016,47.35710710710707,58.90590590590591,5.0,9.0,-0.3353075075405072,0.06593406593406594,0.0,0.0
9,0.0,400,24.625431308245027,0.00014895889403986529,0.04321251765742166,0.016798105140820252,0.0004551144192606795,487,26.13813813813813,31.07367367367366,47.73413413413408,75.79479479479478,5.0,11.0,,,0.0,0.0
0,0.05,400,3.4847707098384366,0.021016387026623198,0.046885130436493276,0.018526080455849803,0.00045170868204363716,480,26.616816816816815,31.728878878878835,48.718958958958886,74.43843843843842,5.0,12.0,,,0.0,0.0
1,0.05,400,11.650012303233911,0.008419016417562049,0.12310128510748398,0.015865324985606163,5.401188613434263e-05,465,32.205205205205225,43.730530530530515,69.85025025025028,87.38638638638642,6.0,9.0,-0.4101794090582354,1.0,0.0,0.0
2,0.05,400,10.777424258149267,0.010398795346226026,0.12437281296377668,0.02089529995655778,0.00028855976928220464,507,25.21381381381384,32.591091091091116,41.396456456456484,77.14414414414419,4.0,9.0,0.08810076555016216,0.6549261083743843,0.0,0.0
3,0.05,400,12.992922296935038,0.006233217458301208,0.12416651963182156,0.016708484706645904,0.00035538984859322977,480,31.03783783783785,36.370970970971015,58.411251251251265,84.24324324324323,5.0,11.0,,,0.0,0.0
4,0.05,400,16.087804361656865,0.0003748080388495329,0.015226122978689097,0.012836584005217344,2.6858374389806747e-05,477,29.602402402402387,35.86766766766765,55.42702702702701,82.70770770770778,5.0,11.0,0.08672430811222753,0.3003095975232198,0.0,0.0
5,0.05,400,11.369122621954165,0.00012129119254961634,0.0016624229597609961,0.02765455871921205,0.0002921024233217516,501,25.635635635635623,30.95195195195197,56.54254254254249,81.88788788788793,4.0,9.0,0.12847861396324536,0.03496503496503496,0.0,0.0
6,0.05,400,11.50413456334822,0.008665239600492545,0.1225163449993213,0.010970861704071338,0.0003121122531846111,447,31.07427427427425,44.26186186186183,75.32342342342345,124.38038038038032,6.699999999999989,17.0,-0.14857815374697628,0.5454545454545455,0.0,0.0
7,0.05,400,13.50786803348204,0.011868282258284285,0.26617953972945235,0.01602887775522607,0.00027015022247751583,468,31.200900900900894,36.03478478478478,53.42165165165165,64.17717717717716,6.0,10.0,-0.4014289201178692,-0.07142857142857142,0.0,0.0
8,0.05,400,15.740523224945125,0.003253664927843727,0.12201835014821458,0.029462037402997267,0.0005560343839976951,503,24.50010010010009,33.48968968968967,42.372112112112134,60.182182182182146,5.0,9.0,0.23658505585860984,0.5273504273504274,0.0,0.0
9,0.05,400,22.87219668953353,0.00024432293718754247,0.047335166565402764,0.012017272642779405,0.0004549223850881757,471,27.43343343343342,34.06006006006005,51.42642642642645,68.1201201201201,5.0,9.0,-0.11342340817888309,,0.0,0.0
0,0.1,400,18.6833920926703,0.0006170618838202747,0.04556883544884952,0.012959326422719998,0.0006375165815109942,503,29.592992992992997,37.83053053053053,52.428028028028045,66.28828828828829,5.0,9.0,,,0.0,0.0
1,0.1,400,11.05702120734051,0.009654184561220832,0.12314526504420034,0.012629651287921498,0.00036053267110943213,464,32.320920920920926,44.220720720720735,73.0095495495496,116.98498498498498,5.0,13.0,,,0.0,0.0
2,0.1,400,12.56409406658182,0.006876618946725434,0.12410359612869773,0.016151250644901038,0.0001735128040908744,491,27.84484484484483,34.76126126126128,50.63393393393397,78.62862862862866,5.0,9.0,-0.22684681635776618,0.0,0.0,0.0
3,0.1,400,11.207623052944433,0.009269953235517834,0.12241646901625262,0.011394633750793047,6.264706392540131e-05,460,31.33423423423426,37.758458458458456,57.80791791791769,87.35135135135133,5.0,10.0,0.14674691618113914,0.9161995898838003,0.0,0.0
4,0.1,400,22.35495240812225,0.0002567530104443173,0.044158141342033816,0.009112943016449538,6.594023201720797e-05,505,28.326126126126127,34.30390390390388,58.84252252252244,81.01801801801801,5.0,10.0,0.2469795708394075,0.5,0.0,0.0
5,0.1,400,3.654298522413768,0.0026809785331174557,0.006219037689511249,0.018126100864584205,8.170216660306068e-05,482,27.34834834834834,34.94494494494494,52.69587587587586,65.14614614614612,5.0,11.0,-0.9220660027823213,0.44642857142857145,0.0,0.0
6,0.1,400,10.868210282954475,0.010081245018812603,0.12312186870024489,0.008626053612434917,0.0005959879405482912,483,31.559759759759757,39.48158158158157,57.49693693693694,102.42542542542537,5.0,16.0,-0.30595026043215745,0.27380952380952384,0.0,0.0
7,0.1,400,11.163491435059449,0.010103323319787699,0.13207280290457263,0.011544437462453417,0.00011303365801516949,489,30.269069069069047,39.36276276276275,58.503543543543515,75.76876876876872,5.0,9.0,0.14521653527545372,0.5684615384615385,0.0,0.0
8,0.1,400,12.127034849849652,0.0072948958788546,0.11904813125607049,0.01920441016912114,0.0004864988827396263,508,27.1927927927928,35.88378378378377,51.48555555555558,79.22222222222226,5.0,11.0,-0.392082478896287,0.1400900900900901,0.0,0.0
9,0.1,400,4.816136100376531,0.016434240154223685,0.049815356089633056,0.00818233248677035,0.00028032301940419165,482,29.055155155155177,40.25105105105103,49.70997997997996,96.58558558558562,5.0,10.0,-0.173957016573054,0.7808823529411765,0.0,0.0
0,0.15,400,20.49236382882625,0.00015832625607649245,0.01773329035644303,0.010084813018298076,0.00010728050853917124,507,31.56276276276277,39.24954954954954,54.51057057057057,59.78378378378375,5.0,9.0,0.30861004085397825,1.0714285714285714,0.0,0.0
1,0.15,400,11.584549850081904,0.008493525235791468,0.12233281418352386,0.010554569644470265,0.0002947967914266646,489,33.17177177177177,40.630030030029964,59.27747747747745,86.28428428428424,5.0,12.0,,,0.0,0.0
2,0.15,400,12.653643407797531,0.0065723800854535185,0.12108407037803785,0.011747598839924626,0.00019999834283392255,499,30.600600600600586,39.667667667667644,61.26054054054057,106.40240240240234,5.0,12.0,0.568657692206339,0.2571428571428572,0.0,0.0
3,0.15,400,11.108164374789744,0.009551962198658944,0.12328465738392272,0.007577549207958438,0.00033319170130621453,493,30.37237237237238,38.499699699699704,58.27903903903902,126.10210210210215,5.0,14.0,0.27664643133987615,-0.09278350515463919,0.0,0.0
4,0.15,400,23.380615212057997,0.00019577569724919458,0.042640304813328825,0.006583235349830694,0.0001066826716961222,511,26.94494494494495,33.70870870870871,55.16486486486481,88.36236236236238,5.0,10.0,,,0.0,0.0
5,0.15,400,10.124783179712125,0.001596346399754148,0.01642878533919768,0.012232399503213401,0.0004476385026330517,500,27.94494494494495,38.4834334334334,62.259039039039,92.12412412412408,5.0,12.0,-0.49805578679731866,0.613095238095238,0.0,0.0
6,0.15,400,11.019889606317053,0.009750730385921405,0.12331789666674049,0.005867152325105838,0.0002926684234746818,494,31.92792792792793,40.86386386386383,60.863123123123124,83.69069069069073,5.0,10.0,-0.1267041974109654,0.2,0.0,0.0
7,0.15,400,11.146006800532668,0.00957126456944864,0.12461490801484107,0.008502447697626783,0.0002884616441737797,493,29.770170170170168,38.26006006006004,50.16392392392389,70.62662662662662,4.0,11.0,-0.3502806614841166,0.5142857142857143,0.0,0.0
8,0.15,400,12.515003846953466,0.0064193716800279195,0.11454942318883983,0.01316268025751646,0.0005472073628589747,499,28.39599599599601,37.436036036036036,47.67679679679677,61.58558558558565,5.0,12.0,,,0.0,0.0
9,0.15,400,27.110624223830637,0.00018343735889270052,0.09430836403754242,0.0055081573216607576,0.00032945716604216354,500,31.46996996996998,38.74314314314311,55.93892892892893,105.0390390390391,5.0,12.0,,,0.0,0.0
0,0.2,400,24.513651860865522,0.00014185377744468133,0.0401056991132439,0.00679868912299517,3.9510831962491066e-05,489,32.46486486486485,42.1297297297297,61.29349349349347,120.84184184184176,5.0,13.0,-0.5280106211819304,0.9930069930069929,0.0,0.0
1,0.2,400,12.689509608540735,0.0065324527864558,0.12134649606111107,0.007799358097092495,0.00029429579748547563,489,32.44304304304305,42.3367367367367,59.15823823823828,85.27727727727739,5.0,10.0,0.03697880913489386,0.5833333333333334,0.0,0.0
2,0.2,400,17.575994529487772,0.002100214906854094,0.12018857599012597,0.008303903622078425,0.0002990552333211882,512,30.609609609609578,39.407907907907855,58.97107107107102,89.43843843843831,4.449999999999989,12.0,,1.3,0.0,0.0
3,0.2,400,11.748499850279487,0.008224490982608598,0.12301526706543564,0.005406198208709925,0.00013727160314755057,515,31.49369369369371,39.79099099099097,53.34846846846852,90.21921921921921,5.0,8.0,0.8134710521950956,0.8602941176470589,0.0,0.0
4,0.2,400,22.70818780590485,0.0002352283143168935,0.04388421932929054,0.004483126501904196,0.00015819908565811377,507,32.48268268268265,37.942542542542505,61.288748748748674,80.69469469469462,4.0,9.0,,,0.0,0.0
5,0.2,400,19.944399961461798,0.00015639288837470563,0.015440344883209226,0.008534830893538492,0.00035158014507332726,517,28.447447447447463,37.22982982982982,56.06954954954958,73.17117117117112,5.0,9.0,,,0.0,0.0
6,0.2,400,10.440613973747695,0.011045023468927271,0.12224413741282912,0.004652597103463941,9.734975365446787e-05,484,33.734834834834835,42.34864864864856,61.85274274274279,68.9459459459459,5.0,10.0,,,0.0,0.0
7,0.2,400,10.2468973073785,0.011648632437201776,0.12330045307005792,0.006074820775329366,0.00013340032671457,469,32.98578578578575,41.682082082082104,61.92244244244238,115.92992992992981,5.0,10.0,,,0.0,0.0
8,0.2,400,12.742076842852,0.005970031503564567,0.1122494720850888,0.00843583664557345,0.00014998228395766804,508,31.465465465465456,38.76801801801799,58.202162162162125,70.78378378378372,5.0,10.0,-0.1415569087811388,0.3214285714285714,0.0,0.0
9,0.2,400,10.255147753950986,0.004348081808406712,0.046111843169466336,0.004530089508542627,0.0002884859381900714,467,31.939939939939904,41.82792792792788,68.05111111111104,113.66666666666663,5.0,12.0,-0.20078753312909933,1.3714285714285714,0.0,0.0
