dataset,observable,class,noise,n,count_1f,proportion_1f,ci95_low,ci95_high
main_like,global,classic,0.0,200,63,0.315,0.2546232099022851,0.3823495608573036
main_like,global,classic,0.01,200,70,0.35,0.28728824127358077,0.4183653566395992
main_like,global,classic,0.02,200,94,0.47,0.40204754873265425,0.5390831708499817
main_like,global,classic,0.03,200,106,0.53,0.4609168291500183,0.5979524512673458
main_like,global,classic,0.04,200,103,0.515,0.4461084919274572,0.5833261482812249
main_like,global,classic,0.05,200,105,0.525,0.4559739601468475,0.5930837735342891
main_like,global,classic,0.06,200,99,0.495,0.4264584535990475,0.5637299996647251
main_like,global,classic,0.07,200,102,0.51,0.44118587678458643,0.5784372166878682
main_like,global,classic,0.08,200,105,0.525,0.4559739601468475,0.5930837735342891
main_like,global,classic,0.09,200,103,0.515,0.4461084919274572,0.5833261482812249
main_like,global,classic,0.1,200,89,0.445,0.3778060100295335,0.5142669758719658
main_like,global,classic,0.11,200,75,0.375,0.31085436858409826,0.44385696301021843
main_like,global,classic,0.12,200,72,0.36,0.2966919730456654,0.42858471833996925
main_like,global,classic,0.13,200,56,0.28,0.22236889773949026,0.3459230458665071
main_like,global,classic,0.14,200,48,0.24,0.1860661599241369,0.30373340979204166
main_like,global,classic,0.15,200,42,0.21,0.15928412069979,0.2716461685990246
main_like,global,classic,0.16,200,30,0.15,0.10713593562241995,0.20605579284166659
main_like,global,classic,0.17,200,20,0.1,0.06567044866909588,0.1494058124327174
main_like,global,classic,0.18,200,17,0.085,0.05374575017747561,0.13189587071565567
main_like,global,classic,0.19,200,9,0.045,0.023852543001492997,0.0832967040018196
main_like,global,classic,0.2,200,8,0.04,0.020405632066152302,0.07693206820093294
main_like,global,quantum,0.0,200,48,0.24,0.1860661599241369,0.30373340979204166
main_like,global,quantum,0.01,200,54,0.27,0.21323449814685846,0.33543435198668425
main_like,global,quantum,0.02,200,59,0.295,0.23613943856849146,0.3615871452461878
main_like,global,quantum,0.03,200,64,0.32,0.25926533315468053,0.38751898434113546
main_like,global,quantum,0.04,200,75,0.375,0.31085436858409826,0.44385696301021843
main_like,global,quantum,0.05,200,90,0.45,0.3826406840224836,0.5192438486152432
main_like,global,quantum,0.06,200,81,0.405,0.3393777128250677,0.47420289918661307
main_like,global,quantum,0.07,200,91,0.455,0.387482193098835,0.524213886275119
main_like,global,quantum,0.08,200,94,0.47,0.40204754873265425,0.5390831708499817
main_like,global,quantum,0.09,200,85,0.425,0.3585361254351385,0.49429067352145145
main_like,global,quantum,0.1,200,77,0.385,0.32033309726923215,0.45400132779753916
main_like,global,quantum,0.11,200,96,0.48,0.411791663783233,0.5489621492718576
main_like,global,quantum,0.12,200,78,0.39,0.3250834313746962,0.4590625404283025
main_like,global,quantum,0.13,200,68,0.34,0.27791545970908793,0.4081150447316374
main_like,global,quantum,0.14,200,68,0.34,0.27791545970908793,0.4081150447316374
main_like,global,quantum,0.15,200,60,0.3,0.24074744682371402,0.36679068372719265
main_like,global,quantum,0.16,200,45,0.225,0.17262369715089126,0.2877412323566053
main_like,global,quantum,0.17,200,41,0.205,0.15486176203836208,0.26625698052422514
main_like,global,quantum,0.18,200,36,0.18,0.13294625859420173,0.23911475028724882
main_like,global,quantum,0.19,200,24,0.12,0.08197992706375512,0.17234252098296743
main_like,global,quantum,0.2,200,17,0.085,0.05374575017747561,0.13189587071565567
main_like,local,classic,0.0,200,58,0.29,0.23154025607067882,0.3563747810077731
main_like,local,classic,0.01,200,78,0.39,0.3250834313746962,0.4590625404283025
main_like,local,classic,0.02,200,87,0.435,0.36815725502699076,0.504292637402054
main_like,local,classic,0.03,200,96,0.48,0.411791663783233,0.5489621492718576
main_like,local,classic,0.04,200,102,0.51,0.44118587678458643,0.5784372166878682
main_like,local,classic,0.05,200,108,0.54,0.4708228918895333,0.6076694820002854
main_like,local,classic,0.06,200,117,0.585,0.5157391490134403,0.6510571455024242
main_like,local,classic,0.07,200,123,0.615,0.5459986722024608,0.6796669027307678
main_like,local,classic,0.08,200,119,0.595,0.525797100813387,0.6606222871749323
main_like,local,classic,0.09,200,108,0.54,0.4708228918895333,0.6076694820002854
main_like,local,classic,0.1,200,103,0.515,0.4461084919274572,0.5833261482812249
main_like,local,classic,0.11,200,92,0.46,0.39233051799971463,0.5291771081104667
main_like,local,classic,0.12,200,73,0.365,0.301405264649268,0.433682973472594
main_like,local,classic,0.13,200,57,0.285,0.22695003004617292,0.3511534602960517
main_like,local,classic,0.14,200,51,0.255,0.1996049517203135,0.3196292582045472
main_like,local,classic,0.15,200,40,0.2,0.15045200926098115,0.2608551865653788
main_like,local,classic,0.16,200,22,0.11,0.07377244460125304,0.1609269099730149
main_like,local,classic,0.17,200,14,0.07,0.04215217182834281,0.11405480885610646
main_like,local,classic,0.18,200,10,0.05,0.02738264560076393,0.08957814813877599
main_like,local,classic,0.19,200,6,0.03,0.013820314340111346,0.06389429245451925
main_like,local,classic,0.2,200,0,0.0,1.734723475976807e-18,0.018845326377266575
main_like,local,quantum,0.0,200,42,0.21,0.15928412069979,0.2716461685990246
main_like,local,quantum,0.01,200,46,0.23,0.17709343259068805,0.2930830436530359
main_like,local,quantum,0.02,200,55,0.275,0.21779700329307355,0.34068339357669647
main_like,local,quantum,0.03,200,62,0.31,0.2499894483607809,0.37717177566258037
main_like,local,quantum,0.04,200,68,0.34,0.27791545970908793,0.4081150447316374
main_like,local,quantum,0.05,200,70,0.35,0.28728824127358077,0.4183653566395992
main_like,local,quantum,0.06,200,77,0.385,0.32033309726923215,0.45400132779753916
main_like,local,quantum,0.07,200,83,0.415,0.34894285449757567,0.4842608509865596
main_like,local,quantum,0.08,200,94,0.47,0.40204754873265425,0.5390831708499817
main_like,local,quantum,0.09,200,102,0.51,0.44118587678458643,0.5784372166878682
main_like,local,quantum,0.1,200,109,0.545,0.47578611372488105,0.6125178069011651
main_like,local,quantum,0.11,200,101,0.505,0.43627000033527485,0.5735415464009526
main_like,local,quantum,0.12,200,88,0.44,0.37297819251185865,0.5092832466534134
main_like,local,quantum,0.13,200,76,0.38,0.31559005848673627,0.44893281984380773
main_like,local,quantum,0.14,200,70,0.35,0.28728824127358077,0.4183653566395992
main_like,local,quantum,0.15,200,53,0.265,0.2086815414710911,0.3301757619262242
main_like,local,quantum,0.16,200,42,0.21,0.15928412069979,0.2716461685990246
main_like,local,quantum,0.17,200,34,0.17,0.12427907912586969,0.22815883628312625
main_like,local,quantum,0.18,200,28,0.14,0.09866982633455634,0.1948988086570756
main_like,local,quantum,0.19,200,22,0.11,0.07377244460125304,0.1609269099730149
main_like,local,quantum,0.2,200,14,0.07,0.04215217182834281,0.11405480885610646
matched_chsh,global,classic,0.0,200,63,0.315,0.2546232099022851,0.3823495608573036
matched_chsh,global,classic,0.01,200,70,0.35,0.28728824127358077,0.4183653566395992
matched_chsh,global,classic,0.02,200,94,0.47,0.40204754873265425,0.5390831708499817
matched_chsh,global,classic,0.03,200,106,0.53,0.4609168291500183,0.5979524512673458
matched_chsh,global,classic,0.04,200,103,0.515,0.4461084919274572,0.5833261482812249
matched_chsh,global,classic,0.05,200,105,0.525,0.4559739601468475,0.5930837735342891
matched_chsh,global,classic,0.06,200,99,0.495,0.4264584535990475,0.5637299996647251
matched_chsh,global,classic,0.07,200,102,0.51,0.44118587678458643,0.5784372166878682
matched_chsh,global,classic,0.08,200,105,0.525,0.4559739601468475,0.5930837735342891
matched_chsh,global,classic,0.09,200,103,0.515,0.4461084919274572,0.5833261482812249
matched_chsh,global,classic,0.1,200,89,0.445,0.3778060100295335,0.5142669758719658
matched_chsh,global,classic,0.11,200,75,0.375,0.31085436858409826,0.44385696301021843
matched_chsh,global,classic,0.12,200,72,0.36,0.2966919730456654,0.42858471833996925
matched_chsh,global,classic,0.13,200,56,0.28,0.22236889773949026,0.3459230458665071
matched_chsh,global,classic,0.14,200,48,0.24,0.1860661599241369,0.30373340979204166
matched_chsh,global,classic,0.15,200,42,0.21,0.15928412069979,0.2716461685990246
matched_chsh,global,classic,0.16,200,30,0.15,0.10713593562241995,0.20605579284166659
matched_chsh,global,classic,0.17,200,20,0.1,0.06567044866909588,0.1494058124327174
matched_chsh,global,classic,0.18,200,17,0.085,0.05374575017747561,0.13189587071565567
matched_chsh,global,classic,0.19,200,9,0.045,0.023852543001492997,0.0832967040018196
matched_chsh,global,classic,0.2,200,8,0.04,0.020405632066152302,0.07693206820093294
matched_chsh,global,quantum,0.0,200,52,0.26,0.20413830063574684,0.32490745602534116
matched_chsh,global,quantum,0.01,200,49,0.245,0.1905686808903718,0.30904243556203415
matched_chsh,global,quantum,0.02,200,50,0.25,0.19508168006817497,0.31434098312045833
matched_chsh,global,quantum,0.03,200,37,0.185,0.13730192800616042,0.2445706276115175
matched_chsh,global,quantum,0.04,200,49,0.245,0.1905686808903718,0.30904243556203415
matched_chsh,global,quantum,0.05,200,51,0.255,0.1996049517203135,0.3196292582045472
matched_chsh,global,quantum,0.06,200,44,0.22,0.16816538358833258,0.28238799918293667
matched_chsh,global,quantum,0.07,200,48,0.24,0.1860661599241369,0.30373340979204166
matched_chsh,global,quantum,0.08,200,50,0.25,0.19508168006817497,0.31434098312045833
matched_chsh,global,quantum,0.09,200,57,0.285,0.22695003004617292,0.3511534602960517
matched_chsh,global,quantum,0.1,200,67,0.335,0.2732408697841632,0.40297808792033485
matched_chsh,global,quantum,0.11,200,63,0.315,0.2546232099022851,0.3823495608573036
matched_chsh,global,quantum,0.12,200,64,0.32,0.25926533315468053,0.38751898434113546
matched_chsh,global,quantum,0.13,200,59,0.295,0.23613943856849146,0.3615871452461878
matched_chsh,global,quantum,0.14,200,73,0.365,0.301405264649268,0.433682973472594
matched_chsh,global,quantum,0.15,200,70,0.35,0.28728824127358077,0.4183653566395992
matched_chsh,global,quantum,0.16,200,67,0.335,0.2732408697841632,0.40297808792033485
matched_chsh,global,quantum,0.17,200,64,0.32,0.25926533315468053,0.38751898434113546
matched_chsh,global,quantum,0.18,200,57,0.285,0.22695003004617292,0.3511534602960517
matched_chsh,global,quantum,0.19,200,48,0.24,0.1860661599241369,0.30373340979204166
matched_chsh,global,quantum,0.2,200,29,0.145,0.10289350642004402,0.20048667530781522
matched_chsh,local,classic,0.0,200,58,0.29,0.23154025607067882,0.3563747810077731
matched_chsh,local,classic,0.01,200,78,0.39,0.3250834313746962,0.4590625404283025
matched_chsh,local,classic,0.02,200,87,0.435,0.36815725502699076,0.504292637402054
matched_chsh,local,classic,0.03,200,96,0.48,0.411791663783233,0.5489621492718576
matched_chsh,local,classic,0.04,200,102,0.51,0.44118587678458643,0.5784372166878682
matched_chsh,local,classic,0.05,200,108,0.54,0.4708228918895333,0.6076694820002854
matched_chsh,local,classic,0.06,200,117,0.585,0.5157391490134403,0.6510571455024242
matched_chsh,local,classic,0.07,200,123,0.615,0.5459986722024608,0.6796669027307678
matched_chsh,local,classic,0.08,200,119,0.595,0.525797100813387,0.6606222871749323
matched_chsh,local,classic,0.09,200,108,0.54,0.4708228918895333,0.6076694820002854
matched_chsh,local,classic,0.1,200,103,0.515,0.4461084919274572,0.5833261482812249
matched_chsh,local,classic,0.11,200,92,0.46,0.39233051799971463,0.5291771081104667
matched_chsh,local,classic,0.12,200,73,0.365,0.301405264649268,0.433682973472594
matched_chsh,local,classic,0.13,200,57,0.285,0.22695003004617292,0.3511534602960517
matched_chsh,local,classic,0.14,200,51,0.255,0.1996049517203135,0.3196292582045472
matched_chsh,local,classic,0.15,200,40,0.2,0.15045200926098115,0.2608551865653788
matched_chsh,local,classic,0.16,200,22,0.11,0.07377244460125304,0.1609269099730149
matched_chsh,local,classic,0.17,200,14,0.07,0.04215217182834281,0.11405480885610646
matched_chsh,local,classic,0.18,200,10,0.05,0.02738264560076393,0.08957814813877599
matched_chsh,local,classic,0.19,200,6,0.03,0.013820314340111346,0.06389429245451925
matched_chsh,local,classic,0.2,200,0,0.0,1.734723475976807e-18,0.018845326377266575
matched_chsh,local,quantum,0.0,200,49,0.245,0.1905686808903718,0.30904243556203415
matched_chsh,local,quantum,0.01,200,44,0.22,0.16816538358833258,0.28238799918293667
matched_chsh,local,quantum,0.02,200,45,0.225,0.17262369715089126,0.2877412323566053
matched_chsh,local,quantum,0.03,200,44,0.22,0.16816538358833258,0.28238799918293667
matched_chsh,local,quantum,0.04,200,46,0.23,0.17709343259068805,0.2930830436530359
matched_chsh,local,quantum,0.05,200,44,0.22,0.16816538358833258,0.28238799918293667
matched_chsh,local,quantum,0.06,200,45,0.225,0.17262369715089126,0.2877412323566053
matched_chsh,local,quantum,0.07,200,46,0.23,0.17709343259068805,0.2930830436530359
matched_chsh,local,quantum,0.08,200,48,0.24,0.1860661599241369,0.30373340979204166
matched_chsh,local,quantum,0.09,200,60,0.3,0.24074744682371402,0.36679068372719265
matched_chsh,local,quantum,0.1,200,65,0.325,0.2639157153923429,0.3926801488397004
matched_chsh,local,quantum,0.11,200,78,0.39,0.3250834313746962,0.4590625404283025
matched_chsh,local,quantum,0.12,200,83,0.415,0.34894285449757567,0.4842608509865596
matched_chsh,local,quantum,0.13,200,88,0.44,0.37297819251185865,0.5092832466534134
matched_chsh,local,quantum,0.14,200,77,0.385,0.32033309726923215,0.45400132779753916
matched_chsh,local,quantum,0.15,200,79,0.395,0.32984101013207967,0.46411650840714636
matched_chsh,local,quantum,0.16,200,73,0.365,0.301405264649268,0.433682973472594
matched_chsh,local,quantum,0.17,200,66,0.33,0.26857425870603957,0.39783315226223115
matched_chsh,local,quantum,0.18,200,64,0.32,0.25926533315468053,0.38751898434113546
matched_chsh,local,quantum,0.19,200,50,0.25,0.19508168006817497,0.31434098312045833
matched_chsh,local,quantum,0.2,200,36,0.18,0.13294625859420173,0.23911475028724882
