observable,class,noise,n_assumed,proportion_from_svg,count_1f_rounded,proportion_rounded,ci95_low,ci95_high
local,classic,0.0,100,0.38013389121338925,38,0.38,0.29097599252478734,0.47790244704488916
local,classic,0.01,100,0.47000836820083697,47,0.47,0.3751081795934127,0.5671114302990063
local,classic,0.02,100,0.47000836820083697,47,0.47,0.3751081795934127,0.5671114302990063
local,classic,0.03,100,0.5197154811715483,52,0.52,0.4231657776522397,0.615354482419481
local,classic,0.04,100,0.5699246861924687,57,0.57,0.47215389549212305,0.6626670147588988
local,classic,0.05,100,0.5897071129707113,59,0.59,0.4920143005341078,0.6813268697886348
local,classic,0.06,100,0.5699246861924687,57,0.57,0.47215389549212305,0.6626670147588988
local,classic,0.07,100,0.5799665271966529,58,0.58,0.4820648670304296,0.6720161732564526
local,classic,0.08,100,0.5598828451882847,56,0.56,0.4622810465167699,0.6532797336983921
local,classic,0.09,100,0.5197154811715483,52,0.52,0.4231657776522397,0.615354482419481
local,classic,0.1,100,0.5096736401673642,51,0.51,0.4134801193402717,0.6057800106955886
local,classic,0.11,100,0.4197991631799165,42,0.42,0.3279838267435473,0.5179351329695703
local,classic,0.12,100,0.3700920502092052,37,0.37,0.2818236053432453,0.46779470419057084
local,classic,0.13,100,0.3098410041841006,31,0.31,0.22779697212376038,0.40626055719489407
local,classic,0.14,100,0.2696736401673642,27,0.27,0.1926958414957634,0.36432116767944994
local,classic,0.15,100,0.17979916317991648,18,0.18,0.1170022549894635,0.2666735838630073
local,classic,0.16,100,0.1300920502092052,13,0.13,0.07757167427240512,0.20980351440076428
local,classic,0.17,100,0.049757322175732394,5,0.05,0.02154367915436796,0.11175046923191913
local,classic,0.18,100,0.030175732217573404,3,0.03,0.010254524024038925,0.0845193642905276
local,classic,0.19,100,0.020133891213389304,2,0.02,0.00550196755016235,0.07001179072854388
local,classic,0.2,100,0.009790794979079497,1,0.01,0.0017674320641406505,0.054486196178705315
local,quantum,0.0,100,0.2099246861924688,21,0.21,0.141656540619153,0.29979968834089865
local,quantum,0.01,100,0.23000836820083698,23,0.23,0.15843265880303448,0.3215438302287378
local,quantum,0.02,100,0.21996652719665288,22,0.22,0.150012823846054,0.31070353514985793
local,quantum,0.03,100,0.2099246861924688,21,0.21,0.141656540619153,0.29979968834089865
local,quantum,0.04,100,0.2099246861924688,21,0.21,0.141656540619153,0.29979968834089865
local,quantum,0.05,100,0.2400502092050211,24,0.24,0.16691325556948772,0.33232336349814473
local,quantum,0.06,100,0.2601338912133893,26,0.26,0.18404698464748132,0.3537098944918718
local,quantum,0.07,100,0.2997991631799165,30,0.3,0.2189488529493276,0.3958485463334666
local,quantum,0.08,100,0.40975732217573235,41,0.41,0.3186731302113651,0.5079856994658921
local,quantum,0.09,100,0.5001338912133892,50,0.5,0.4038315303659956,0.5961684696340044
local,quantum,0.1,100,0.5297573221757323,53,0.53,0.4328885697009936,0.6248918204065872
local,quantum,0.11,100,0.5897071129707113,59,0.59,0.4920143005341078,0.6813268697886348
local,quantum,0.12,100,0.5197154811715483,52,0.52,0.4231657776522397,0.615354482419481
local,quantum,0.13,100,0.5096736401673642,51,0.51,0.4134801193402717,0.6057800106955886
local,quantum,0.14,100,0.4599665271966529,46,0.46,0.36560808309024106,0.5573513967663177
local,quantum,0.15,100,0.3997154811715483,40,0.4,0.3094012864324589,0.4979974132089382
local,quantum,0.16,100,0.3198828451882847,32,0.32,0.23669147324999096,0.41662618610452384
local,quantum,0.17,100,0.2897573221757324,29,0.29,0.2101483574912227,0.3853889117557111
local,quantum,0.18,100,0.21996652719665288,22,0.22,0.150012823846054,0.31070353514985793
local,quantum,0.19,100,0.1300920502092052,13,0.13,0.07757167427240512,0.20980351440076428
local,quantum,0.2,100,0.07004184100418409,7,0.07,0.03431926106727268,0.137495147390735
local,ECA,0.0,256,0.0037656903765690376,1,0.00390625,0.0006898821669617927,0.021790975380582514
local,ECA,0.01,256,0.05477824267782445,14,0.0546875,0.03285229140400938,0.08968958072528235
local,ECA,0.02,256,0.05477824267782445,14,0.0546875,0.03285229140400938,0.08968958072528235
local,ECA,0.03,256,0.05477824267782445,14,0.0546875,0.03285229140400938,0.08968958072528235
local,ECA,0.04,256,0.05477824267782445,14,0.0546875,0.03285229140400938,0.08968958072528235
local,ECA,0.05,256,0.05477824267782445,14,0.0546875,0.03285229140400938,0.08968958072528235
local,ECA,0.06,256,0.0703430962343098,18,0.0703125,0.04493554746197091,0.10839432915401236
local,ECA,0.07,256,0.06632635983263617,17,0.06640625,0.04187072285916844,0.10376215263514196
local,ECA,0.08,256,0.0896234309623431,23,0.08984375,0.06061336726621258,0.1312015149581351
local,ECA,0.09,256,0.08189121338912152,21,0.08203125,0.05427759190690546,0.12214328807409647
local,ECA,0.1,256,0.062309623430962524,16,0.0625,0.03883364112851165,0.09910223324412587
local,ECA,0.11,256,0.04272803347280353,11,0.04296875,0.024159813300607562,0.07529105546366555
local,ECA,0.12,256,0.0392133891213391,10,0.0390625,0.0213540358427329,0.07039983179986732
local,ECA,0.13,256,0.035196652719665454,9,0.03515625,0.018604096092635542,0.0654527704282918
local,ECA,0.14,256,0.031179916317991815,8,0.03125,0.015918258891511296,0.06044160650774316
local,ECA,0.15,256,0.0196317991631801,5,0.01953125,0.008370729784579391,0.04489813224965644
local,ECA,0.16,256,0.027163179916318173,7,0.02734375,0.013307156355121155,0.05535570792246043
local,ECA,0.17,256,0.02314644351464453,6,0.0234375,0.010784867555857603,0.0501809956000511
local,ECA,0.18,256,0.02314644351464453,6,0.0234375,0.010784867555857603,0.0501809956000511
local,ECA,0.19,256,0.0196317991631801,5,0.01953125,0.008370729784579391,0.04489813224965644
local,ECA,0.2,256,0.02314644351464453,6,0.0234375,0.010784867555857603,0.0501809956000511
global,quantum,0.0,100,0.20038875103391252,20,0.2,0.1333669333310325,0.2888291655931589
global,quantum,0.01,100,0.24033912324234927,24,0.24,0.16691325556948772,0.33232336349814473
global,quantum,0.02,100,0.1899669148056247,19,0.19,0.12514751509768735,0.27778845379064376
global,quantum,0.03,100,0.25018196856906555,25,0.25,0.17545211362287672,0.34304463548061603
global,quantum,0.04,100,0.31039702233250643,31,0.31,0.22779697212376038,0.40626055719489407
global,quantum,0.05,100,0.3503473945409431,35,0.35,0.26364248243097527,0.44745556703112027
global,quantum,0.06,100,0.3601902398676594,36,0.36,0.2727122040140433,0.4576459754839126
global,quantum,0.07,100,0.3601902398676594,36,0.36,0.2727122040140433,0.4576459754839126
global,quantum,0.08,100,0.37987593052109203,38,0.38,0.29097599252478734,0.47790244704488916
global,quantum,0.09,100,0.3700330851943757,37,0.37,0.2818236053432453,0.46779470419057084
global,quantum,0.1,100,0.4499338296112491,45,0.45,0.3561453797951198,0.5475539700255787
global,quantum,0.11,100,0.47043010752688164,47,0.47,0.3751081795934127,0.5671114302990063
global,quantum,0.12,100,0.47043010752688164,47,0.47,0.3751081795934127,0.5671114302990063
global,quantum,0.13,100,0.4001406120760961,40,0.4,0.3094012864324589,0.4979974132089382
global,quantum,0.14,100,0.4001406120760961,40,0.4,0.3094012864324589,0.4979974132089382
global,quantum,0.15,100,0.37987593052109203,38,0.38,0.29097599252478734,0.47790244704488916
global,quantum,0.16,100,0.3202398676592227,32,0.32,0.23669147324999096,0.41662618610452384
global,quantum,0.17,100,0.28028949545078596,28,0.28,0.20139685211186212,0.3748802870992116
global,quantum,0.18,100,0.20038875103391252,20,0.2,0.1333669333310325,0.2888291655931589
global,quantum,0.19,100,0.14017369727047166,14,0.14,0.08526343659939134,0.22137188210963837
global,quantum,0.2,100,0.0900330851943755,9,0.09,0.04807254000256515,0.1622621285271631
global,classic,0.0,100,0.4001406120760961,40,0.4,0.3094012864324589,0.4979974132089382
global,classic,0.01,100,0.4499338296112491,45,0.45,0.3561453797951198,0.5475539700255787
global,classic,0.02,100,0.5402564102564104,54,0.54,0.44264860323368227,0.6343919169097589
global,classic,0.03,100,0.5402564102564104,54,0.54,0.44264860323368227,0.6343919169097589
global,classic,0.04,100,0.4800413564929696,48,0.48,0.384645517580519,0.5768342223477603
global,classic,0.05,100,0.559942100909843,56,0.56,0.4622810465167699,0.6532797336983921
global,classic,0.06,100,0.6001240694789082,60,0.6,0.5020025867910618,0.6905987135675411
global,classic,0.07,100,0.4904631927212574,49,0.49,0.3942199893044113,0.5865198806597283
global,classic,0.08,100,0.5703639371381308,57,0.57,0.47215389549212305,0.6626670147588988
global,classic,0.09,100,0.4904631927212574,49,0.49,0.3942199893044113,0.5865198806597283
global,classic,0.1,100,0.44009098428453286,44,0.44,0.346720266301608,0.5377189534832302
global,classic,0.11,100,0.4204052936311003,42,0.42,0.3279838267435473,0.5179351329695703
global,classic,0.12,100,0.3503473945409431,35,0.35,0.26364248243097527,0.44745556703112027
global,classic,0.13,100,0.24033912324234927,24,0.24,0.16691325556948772,0.33232336349814473
global,classic,0.14,100,0.20038875103391252,20,0.2,0.1333669333310325,0.2888291655931589
global,classic,0.15,100,0.1702812241521921,17,0.17,0.10893566114059931,0.25548004767601123
global,classic,0.16,100,0.10022332506203493,10,0.1,0.0552291370606751,0.17436566150491345
global,classic,0.17,100,0.04985111662531039,5,0.05,0.02154367915436796,0.11175046923191913
global,classic,0.18,100,0.040008271298594085,4,0.04,0.01566330399154762,0.0983707143588792
global,classic,0.19,100,0.04985111662531039,5,0.05,0.02154367915436796,0.11175046923191913
global,classic,0.2,100,0.01997518610421836,2,0.02,0.00550196755016235,0.07001179072854388
global,ECA,0.0,256,0.00028949545078577337,0,0.0,0.0,0.01478385642587143
global,ECA,0.01,256,0.02379652605459078,6,0.0234375,0.010784867555857603,0.0501809956000511
global,ECA,0.02,256,0.02379652605459078,6,0.0234375,0.010784867555857603,0.0501809956000511
global,ECA,0.03,256,0.031323407775020885,8,0.03125,0.015918258891511296,0.06044160650774316
global,ECA,0.04,256,0.019743589743589952,5,0.01953125,0.008370729784579391,0.04489813224965644
global,ECA,0.05,256,0.02727047146402006,7,0.02734375,0.013307156355121155,0.05535570792246043
global,ECA,0.06,256,0.035376344086021715,9,0.03515625,0.018604096092635542,0.0654527704282918
global,ECA,0.07,256,0.019743589743589952,5,0.01953125,0.008370729784579391,0.04489813224965644
global,ECA,0.08,256,0.02727047146402006,7,0.02734375,0.013307156355121155,0.05535570792246043
global,ECA,0.09,256,0.038850289495450996,10,0.0390625,0.0213540358427329,0.07039983179986732
global,ECA,0.1,256,0.02379652605459078,6,0.0234375,0.010784867555857603,0.0501809956000511
global,ECA,0.11,256,0.031323407775020885,8,0.03125,0.015918258891511296,0.06044160650774316
global,ECA,0.12,256,0.031323407775020885,8,0.03125,0.015918258891511296,0.06044160650774316
global,ECA,0.13,256,0.035376344086021715,9,0.03515625,0.018604096092635542,0.0654527704282918
global,ECA,0.14,256,0.035376344086021715,9,0.03515625,0.018604096092635542,0.0654527704282918
global,ECA,0.15,256,0.042903225806451825,11,0.04296875,0.024159813300607562,0.07529105546366555
global,ECA,0.16,256,0.042903225806451825,11,0.04296875,0.024159813300607562,0.07529105546366555
global,ECA,0.17,256,0.02727047146402006,7,0.02734375,0.013307156355121155,0.05535570792246043
global,ECA,0.18,256,0.035376344086021715,9,0.03515625,0.018604096092635542,0.0654527704282918
global,ECA,0.19,256,0.04718775847808106,12,0.046875,0.027014851001628076,0.0801330188843179
global,ECA,0.2,256,0.02727047146402006,7,0.02734375,0.013307156355121155,0.05535570792246043
