dataset,observable,term,coef_log_odds,odds_ratio,ci95_low_log_odds,ci95_high_log_odds,ci95_low_odds_ratio,ci95_high_odds_ratio,p_value,n,aic,pseudo_r2_mcfadden,formula
main_like,global,Intercept,0.3398169405699831,1.4046904251974524,0.21782078153528814,0.461813099604678,1.2433642138244216,1.5869486741718573,4.776772068210242e-08,8400,10210.45591893716,0.04232604197735812,is_1f ~ noise_scaled * is_quantum + noise_scaled * chsh_scaled + is_quantum * chsh_scaled
main_like,global,noise_scaled,-2.1638811639975515,0.11487839280381767,-2.396359591270894,-1.9314027367242088,0.09104880557183541,0.14494473651031115,2.3472248613577073e-74,8400,10210.45591893716,0.04232604197735812,is_1f ~ noise_scaled * is_quantum + noise_scaled * chsh_scaled + is_quantum * chsh_scaled
main_like,global,is_quantum,-0.6743933645063344,0.5094653866695321,-0.8469236844995041,-0.5018630445131647,0.42873181967152674,0.6054017180558096,1.8422520362578738e-14,8400,10210.45591893716,0.04232604197735812,is_1f ~ noise_scaled * is_quantum + noise_scaled * chsh_scaled + is_quantum * chsh_scaled
main_like,global,noise_scaled:is_quantum,1.2977004214178796,3.6608685258920866,0.9782668058055187,1.6171340370302403,2.6598422214912025,5.03862907941723,1.6878578444346494e-15,8400,10210.45591893716,0.04232604197735812,is_1f ~ noise_scaled * is_quantum + noise_scaled * chsh_scaled + is_quantum * chsh_scaled
main_like,global,chsh_scaled,0.02557180774166215,1.025901571300556,-0.10696357586261213,0.15810719134593643,0.8985584016089173,1.1712917403169767,0.7053103845596924,8400,10210.45591893716,0.04232604197735812,is_1f ~ noise_scaled * is_quantum + noise_scaled * chsh_scaled + is_quantum * chsh_scaled
main_like,global,noise_scaled:chsh_scaled,-0.20530854006111784,0.8143960038506096,-0.36173573900766687,-0.04888134111456882,0.6964663924254295,0.952294121153671,0.010098863480990278,8400,10210.45591893716,0.04232604197735812,is_1f ~ noise_scaled * is_quantum + noise_scaled * chsh_scaled + is_quantum * chsh_scaled
main_like,global,is_quantum:chsh_scaled,-0.025178891645508884,0.9751354528383999,-0.14972166460364714,0.09936388131262938,0.8609475752636921,1.104468121756556,0.6919226995865417,8400,10210.45591893716,0.04232604197735812,is_1f ~ noise_scaled * is_quantum + noise_scaled * chsh_scaled + is_quantum * chsh_scaled
main_like,local,Intercept,0.4845004809462165,1.623363905078391,0.361861637071592,0.607139324820841,1.4360002390158435,1.8351740457351609,9.703000702104179e-15,8400,10159.35635606917,0.05125401865639778,is_1f ~ noise_scaled * is_quantum + noise_scaled * chsh_scaled + is_quantum * chsh_scaled
main_like,local,noise_scaled,-2.386088993020833,0.09198874990783527,-2.6207987964919965,-2.1513791895496697,0.07274473137669223,0.11632361477545453,2.4587898301872573e-88,8400,10159.35635606917,0.05125401865639778,is_1f ~ noise_scaled * is_quantum + noise_scaled * chsh_scaled + is_quantum * chsh_scaled
main_like,local,is_quantum,-0.8929962909384769,0.4094271501860831,-1.066764442267313,-0.7192281396096407,0.3441201386672001,0.4871281057793994,7.326365172431492e-24,8400,10159.35635606917,0.05125401865639778,is_1f ~ noise_scaled * is_quantum + noise_scaled * chsh_scaled + is_quantum * chsh_scaled
main_like,local,noise_scaled:is_quantum,1.6398203873359127,5.154243661654501,1.3185042637729891,1.9611365108988363,3.737826391648366,7.10740011442586,1.484836447538924e-23,8400,10159.35635606917,0.05125401865639778,is_1f ~ noise_scaled * is_quantum + noise_scaled * chsh_scaled + is_quantum * chsh_scaled
main_like,local,chsh_scaled,-0.19288759863919455,0.824574652243436,-0.32596545919065717,-0.059809738087731934,0.7218301195976636,0.9419437325521433,0.004499505364623979,8400,10159.35635606917,0.05125401865639778,is_1f ~ noise_scaled * is_quantum + noise_scaled * chsh_scaled + is_quantum * chsh_scaled
main_like,local,noise_scaled:chsh_scaled,0.6052755799304425,1.8317569347850904,0.44723385865562826,0.7633173012052566,1.5639800067846354,2.1453813051174824,6.079325835576844e-14,8400,10159.35635606917,0.05125401865639778,is_1f ~ noise_scaled * is_quantum + noise_scaled * chsh_scaled + is_quantum * chsh_scaled
main_like,local,is_quantum:chsh_scaled,-0.02629663308453793,0.9740461124479574,-0.15129052307182386,0.09869725690274801,0.8595979293481208,1.103732101698382,0.6800874598666271,8400,10159.35635606917,0.05125401865639778,is_1f ~ noise_scaled * is_quantum + noise_scaled * chsh_scaled + is_quantum * chsh_scaled
matched_chsh,global,Intercept,0.3403386476252134,1.4054234532990324,0.2185107919233415,0.46216650332708525,1.2442224441079486,1.5875096068525894,4.366205360225146e-08,8400,9932.226388822108,0.040418214221873305,is_1f ~ noise_scaled * is_quantum + noise_scaled * chsh_scaled + is_quantum * chsh_scaled
matched_chsh,global,noise_scaled,-2.1713893945955864,0.11401908930116773,-2.4038132401544168,-1.9389655490367559,0.0903726826654823,0.14385268138148485,6.798097139623492e-75,8400,9932.226388822108,0.040418214221873305,is_1f ~ noise_scaled * is_quantum + noise_scaled * chsh_scaled + is_quantum * chsh_scaled
matched_chsh,global,is_quantum,-1.4479091543901401,0.23506125143627737,-1.628459563949327,-1.2673587448309533,0.1962316236905771,0.2815743501868708,1.1427568975160642e-55,8400,9932.226388822108,0.040418214221873305,is_1f ~ noise_scaled * is_quantum + noise_scaled * chsh_scaled + is_quantum * chsh_scaled
matched_chsh,global,noise_scaled:is_quantum,2.427720253735124,11.333016206023801,2.1045796011326603,2.7508609063375875,8.203653477926842,15.656104523622039,4.455073505691243e-49,8400,9932.226388822108,0.040418214221873305,is_1f ~ noise_scaled * is_quantum + noise_scaled * chsh_scaled + is_quantum * chsh_scaled
matched_chsh,global,chsh_scaled,-0.02134336441090013,0.9788827933444681,-0.11348000258741109,0.07079327376561084,0.8927220483638164,1.073359311402784,0.6498117048475403,8400,9932.226388822108,0.040418214221873305,is_1f ~ noise_scaled * is_quantum + noise_scaled * chsh_scaled + is_quantum * chsh_scaled
matched_chsh,global,noise_scaled:chsh_scaled,-0.027047616806086732,0.9733148942743095,-0.18951256098896405,0.1354173273767906,0.8273623243431606,1.1450145305665218,0.7441971855707987,8400,9932.226388822108,0.040418214221873305,is_1f ~ noise_scaled * is_quantum + noise_scaled * chsh_scaled + is_quantum * chsh_scaled
matched_chsh,global,is_quantum:chsh_scaled,-0.03228795726643142,0.9682277337214334,-0.13360898301598942,0.06903306848312657,0.874932111041266,1.071471640504377,0.5322457962839704,8400,9932.226388822108,0.040418214221873305,is_1f ~ noise_scaled * is_quantum + noise_scaled * chsh_scaled + is_quantum * chsh_scaled
matched_chsh,local,Intercept,0.47191980171943043,1.6030688152085415,0.3495364652355788,0.5943031382032821,1.4184099138814732,1.8117679530748545,4.100200774457784e-14,8400,10066.196378273378,0.04632030847616442,is_1f ~ noise_scaled * is_quantum + noise_scaled * chsh_scaled + is_quantum * chsh_scaled
matched_chsh,local,noise_scaled,-2.3438361784843,0.09595881610333108,-2.577741237580646,-2.1099311193879537,0.07594535294089266,0.12124631766632855,7.075981604779609e-86,8400,10066.196378273378,0.04632030847616442,is_1f ~ noise_scaled * is_quantum + noise_scaled * chsh_scaled + is_quantum * chsh_scaled
matched_chsh,local,is_quantum,-1.6458687886388261,0.1928449484932986,-1.8267616854804176,-1.4649758917972346,0.16093387937244213,0.23108356241955577,3.925765469842179e-71,8400,10066.196378273378,0.04632030847616442,is_1f ~ noise_scaled * is_quantum + noise_scaled * chsh_scaled + is_quantum * chsh_scaled
matched_chsh,local,noise_scaled:is_quantum,2.915832625467309,18.46417975052982,2.593987875807244,3.237677375127374,13.383035210625724,25.474485308772895,1.5274571456764223e-70,8400,10066.196378273378,0.04632030847616442,is_1f ~ noise_scaled * is_quantum + noise_scaled * chsh_scaled + is_quantum * chsh_scaled
matched_chsh,local,chsh_scaled,0.001535014748112119,1.0015361934863003,-0.09047098951680364,0.09354101901302787,0.9135008346171642,1.0980556435762894,0.973914020794757,8400,10066.196378273378,0.04632030847616442,is_1f ~ noise_scaled * is_quantum + noise_scaled * chsh_scaled + is_quantum * chsh_scaled
matched_chsh,local,noise_scaled:chsh_scaled,0.08122395239996899,1.0846137712266695,-0.08091642542665875,0.24336433022659673,0.9222707666096257,1.2755332547935712,0.3261783357853262,8400,10066.196378273378,0.04632030847616442,is_1f ~ noise_scaled * is_quantum + noise_scaled * chsh_scaled + is_quantum * chsh_scaled
matched_chsh,local,is_quantum:chsh_scaled,-0.02861048698980078,0.9717949175192453,-0.12880060596846774,0.07157963198886616,0.8791492451824612,1.0742036882716497,0.5756901119280735,8400,10066.196378273378,0.04632030847616442,is_1f ~ noise_scaled * is_quantum + noise_scaled * chsh_scaled + is_quantum * chsh_scaled
